<?xml version="1.0" encoding="UTF-8"?>
<!DOCTYPE suite SYSTEM "https://testng.org/testng-1.0.dtd">
<suite name="All Test Suite">

    <test name="RestAPI" verbose="100">

        <classes>

            <class name="tests.PostRequest">
                <methods>
                    <include name="newLogin"/>
                </methods>
            </class>
<class name="tests.MealPostRequest">
    <methods>
        <include name="CreateWeeklyMealPlan"/>
    </methods>
</class>

           <class name="tests.WineRecommendation">
                <methods>
                    <include name="WineUsed"/>
                </methods>
            </class>

            <class name="tests.Shoppingcarttest">
            <methods>
                <include name="newShopping"/>
            </methods>
            </class>


        </classes>
    </test>
</suite>
